popularity,length,danceability,acousticness,energy,instrumentalness,liveness,valence,loudness,speechiness,tempo,key,time_signature
68,379266,0.866,0.137,0.73,0,0.0843,0.625,-8.201,0.0767,118.523,5,4
43,318800,0.381,0.0189,0.832,0.196,0.153,0.166,-5.069,0.0492,120.255,8,4
60,217946,0.346,0.913,0.139,7.73E-05,0.0934,0.116,-15.326,0.0321,136.168,0,4
2,233000,0.466,0.089,0.438,5.62E-06,0.113,0.587,-12.858,0.0608,193.1,4,4
60,268000,0.419,0.00171,0.932,0,0.137,0.445,-3.604,0.106,169.881,1,4
27,129410,0.394,0.995,0.0475,0.955,0.105,0.172,-26.432,0.072,71.241,6,5
29,141888,0.504,0.994,0.0584,0.956,0.115,0.553,-20.461,0.0516,134.209,5,4
1,211173,0.586,0.000155,0.935,0.277,0.159,0.58,-9.386,0.0482,114.997,4,4
68,184640,0.603,0.0144,0.908,0,0.671,0.457,-5.254,0.184,133.063,11,4
0,189200,0.331,0.00344,0.876,0.000835,0.732,0.299,-1.894,0.0603,175.009,5,4
55,197189,0.349,0.000877,0.793,0.431,0.22,0.0398,-6.748,0.0677,127.139,10,4
52,182000,0.532,0.974,0.541,0.864,0.228,0.329,-11.932,0.0283,136.063,0,4
53,158117,0.382,0.497,0.333,0.918,0.106,0.0486,-15.573,0.0367,84.974,7,4
38,225680,0.543,0.000168,0.991,1.31E-05,0.374,0.766,-2.78,0.0668,150.031,9,4
84,295893,0.671,0.257,0.373,7.95E-05,0.0481,0.732,-18.064,0.0323,92.717,9,4
24,116625,0.456,0.993,0.0337,0.948,0.126,0.3,-26.87,0.0334,97.199,0,4
13,351560,0.492,0.000444,0.95,6.22E-05,0.22,0.391,-4.195,0.076,110.027,2,4
0,210626,0.402,1.19E-05,0.75,0.959,0.122,0.58,-7.358,0.0293,149.941,2,4
0,231893,0.279,0.00957,0.423,0.837,0.128,0.291,-12.06,0.038,101.571,4,4
51,180468,0.494,0.00248,0.847,0,0.0502,0.148,-3.996,0.0537,129.909,0,4
29,306600,0.189,0.113,0.427,0.0923,0.058,0.158,-9.08,0.0449,187.212,0,3
1,282026,0.429,0.00299,0.689,0.00193,0.152,0.23,-7.38,0.0379,105.04,7,4
39,225440,0.488,0.0303,0.879,0,0.288,0.483,-3.505,0.0514,94.003,6,3
39,219573,0.429,1.94E-05,0.982,0.0185,0.312,0.583,-2.962,0.0617,122.881,2,4
85,269560,0.422,0.922,0.264,0,0.132,0.331,-7.064,0.0322,119.93,8,4
22,170458,0.737,0.226,0.816,0.453,0.621,0.533,-9.22,0.0411,124.014,4,4
63,231200,0.363,0.0122,0.906,0,0.172,0.371,-4.415,0.0615,181.964,1,4
0,227639,0.391,0.992,0.0576,0.947,0.117,0.359,-25.585,0.0342,145.569,10,3
38,174244,0.391,0.995,0.0121,0.946,0.0959,0.118,-24.588,0.0852,68.128,1,4
0,256282,0.486,0.755,0.356,0.861,0.0986,0.111,-13.649,0.0318,117.141,9,4
36,280186,0.463,0.367,0.462,0.0012,0.356,0.189,-7.94,0.0272,131.273,1,4
58,197243,0.693,0.894,0.195,0.0325,0.126,0.315,-15.278,0.0446,116.725,11,4
22,288400,0.313,0.0642,0.973,1.22E-06,0.0581,0.118,-3.855,0.109,107.3,8,4
44,158483,0.664,0.00152,0.86,0.894,0.197,0.249,-4.505,0.0345,121.991,7,4
56,216026,0.388,0.0211,0.8,0,0.212,0.357,-6.33,0.0783,194.744,9,3
75,213800,0.613,0.00148,0.953,0.000582,0.152,0.537,-3.435,0.0855,105.046,2,4
55,193471,0.694,0.0195,0.824,0.0426,0.327,0.202,-6.306,0.161,123.014,8,4
51,310226,0.696,0.186,0.871,0.0282,0.173,0.8,-6.482,0.0357,118.938,1,4
53,155733,0.535,0.867,0.147,0.797,0.0825,0.238,-25.141,0.0382,126.823,2,4
48,162829,0.265,0.906,0.035,0.89,0.0932,0.0651,-26.502,0.0359,132.972,4,4
55,129936,0.346,0.929,0.0943,0.918,0.102,0.109,-13.632,0.0362,127.006,2,3
0,238466,0.396,0.00061,0.93,0,0.168,0.195,-2.939,0.1,154.777,8,4
56,174202,0.497,0.0306,0.865,0.0679,0.443,0.595,-3.19,0.0644,125.96,0,4
26,198746,0.383,0.993,0.0197,0.944,0.121,0.113,-28.192,0.0528,67.555,7,3
39,157930,0.512,0.351,0.352,0.74,0.106,0.275,-9.093,0.0354,82.943,5,4
57,193220,0.401,0.934,0.199,0.0064,0.112,0.0744,-14.409,0.0355,118.351,9,4
30,254886,0.471,0.689,0.289,0.000535,0.0865,0.225,-9.784,0.0258,146.352,6,4
0,290736,0.399,0.848,0.443,0.000406,0.0899,0.265,-9.168,0.0272,139.643,5,4
34,143212,0.408,0.987,0.00518,0.929,0.12,0.0381,-29.142,0.0355,72.291,5,3
39,311813,0.541,0.000248,0.968,8.28E-06,0.423,0.505,-4.129,0.0396,125.04,0,4
50,114195,0.44,0.827,0.384,0.934,0.156,0.0912,-12.331,0.0453,127.938,7,4
39,256688,0.572,0.835,0.155,0.000137,0.0906,0.0949,-14.405,0.0344,109.923,6,3
31,161463,0.732,0.127,0.52,0.0347,0.139,0.339,-6.684,0.0376,119.979,2,4
38,259529,0.531,0.000508,0.892,0.024,0.144,0.599,-4.54,0.0582,130.133,7,4
34,219215,0.321,0.984,0.11,0.963,0.115,0.173,-23.63,0.0345,73.914,8,4
85,215106,0.459,0.604,0.575,0,0.0885,0.183,-4.858,0.0573,111.881,3,4
0,322548,0.666,0.251,0.668,5.77E-06,0.499,0.765,-7.961,0.0523,132.666,0,4
60,230353,0.387,0.736,0.234,0,0.084,0.408,-8.861,0.0373,78.65,0,4
72,207680,0.868,0.308,0.347,2.00E-05,0.11,0.659,-9.529,0.0536,110.059,5,4
32,161750,0.171,0.89,0.185,0.94,0.101,0.264,-19.651,0.0348,142.694,9,4
0,456585,0.769,0.0305,0.701,0.85,0.0929,0.168,-9.089,0.062,123.011,5,4
55,220640,0.235,0.988,0.187,0.00197,0.106,0.118,-12.754,0.0347,85.962,6,4
32,308800,0.476,0.285,0.522,0.0127,0.193,0.0973,-8.159,0.0281,133.874,9,4
0,251160,0.407,0.344,0.549,0.901,0.111,0.32,-10.244,0.0293,77.473,9,4
37,233266,0.548,0.00016,0.864,0.00262,0.0354,0.5,-6.258,0.0557,95.569,1,4
53,180937,0.612,0.619,0.68,0,0.0786,0.346,-4.925,0.0346,127.909,0,4
0,159523,0.667,0.0326,0.857,0.464,0.27,0.301,-4.729,0.0468,125.946,2,4
63,181493,0.438,0.00842,0.938,1.08E-06,0.806,0.584,-5.611,0.094,160.212,6,4
46,279967,0.441,0.715,0.268,1.49E-06,0.11,0.057,-8.173,0.0308,140.073,6,4
52,121069,0.249,0.945,0.129,0.839,0.17,0.253,-18.167,0.0324,70.59,4,5
20,416353,0.519,0.931,0.236,0.133,0.127,0.283,-18.378,0.0362,80.008,2,4
0,165000,0.603,0.0186,0.902,0.683,0.105,0.135,-5.979,0.0494,127.973,5,4
46,158212,0.627,0.00919,0.944,0.00311,0.444,0.551,-4.459,0.344,126.078,5,4
0,420266,0.443,0.00393,0.722,0.0155,0.0373,0.167,-6.326,0.0865,111.324,6,4
48,260564,0.446,0.801,0.0586,0.85,0.0876,0.111,-26.416,0.0416,124.019,8,4
48,242213,0.775,0.00681,0.66,0.171,0.22,0.425,-7.929,0.0444,126.022,0,4
61,221826,0.537,0.00236,0.847,1.16E-06,0.0844,0.459,-5.208,0.0383,106.055,6,4
56,216607,0.621,0.716,0.345,0.921,0.091,0.113,-12.106,0.0295,117.683,0,4
0,166706,0.45,0.0108,0.877,0.000643,0.112,0.663,-6.676,0.156,108.501,8,4
29,166194,0.612,0.99,0.037,0.947,0.108,0.103,-18.855,0.0408,113.008,11,3
68,272800,0.552,0.0364,0.643,0.74,0.105,0.212,-7.36,0.0327,120.012,0,4
0,238933,0.663,0.18,0.957,0,0.348,0.937,-2.823,0.0584,125.678,11,4
84,220492,0.736,0.946,0.308,0,0.186,0.361,-7.83,0.0677,111.202,4,4
71,216733,0.736,0.00132,0.811,0.000142,0.107,0.609,-4.17,0.081,103.502,9,4
30,202405,0.31,0.985,0.0313,0.94,0.263,0.182,-23.55,0.0325,92.857,10,4
50,157960,0.554,0.628,0.667,0,0.0486,0.597,-10.226,0.0342,112.749,1,4
52,231723,0.186,0.886,0.271,0.961,0.141,0.0684,-17.149,0.0449,115.896,7,4
52,228706,0.435,0.014,0.774,0,0.127,0.448,-5.052,0.0631,147.466,2,4
42,316507,0.374,0.663,0.426,0.607,0.0886,0.0902,-7.395,0.0315,102.174,10,4
58,169384,0.507,0.00892,0.836,0.000598,0.485,0.333,-4.357,0.038,130.027,6,4
66,224673,0.614,0.000532,0.938,0,0.368,0.607,-4.461,0.0611,100.058,11,4
79,210240,0.419,0.000278,0.934,0.0015,0.132,0.286,-3.908,0.12,127.288,7,4
26,226266,0.341,0.983,0.0582,0.924,0.097,0.0514,-23.103,0.0472,83.05,8,4
44,238466,0.699,0.000532,0.87,0.0219,0.359,0.778,-4.925,0.0546,120.033,0,4
36,304217,0.18,0.956,0.0754,0.926,0.11,0.0366,-26.645,0.0346,71.675,9,4
51,162085,0.421,0.94,0.136,0.89,0.113,0.0505,-23.521,0.0305,110.036,11,4
0,252400,0.607,0.00259,0.935,0.000221,0.195,0.51,-2.918,0.0506,95.97,6,4
58,180614,0.351,0.93,0.24,0.904,0.101,0.0968,-15.363,0.034,79.919,9,3
0,169906,0.431,0.815,0.144,1.10E-06,0.124,0.0491,-12.07,0.039,137.683,11,4
51,189813,0.941,0.321,0.421,9.34E-05,0.0967,0.787,-7.918,0.0583,107.011,11,4
57,228666,0.619,0.237,0.663,0,0.111,0.142,-6.937,0.0366,123.93,7,4
36,268800,0.567,0.948,0.39,0.966,0.0802,0.133,-13.701,0.0301,99.997,0,4
55,179500,0.305,0.933,0.229,0.904,0.104,0.0562,-18.329,0.0334,121.599,1,4
1,273720,0.466,0.413,0.615,0,0.343,0.812,-9.102,0.0492,108.016,0,4
68,197800,0.476,0.0535,0.856,6.75E-06,0.0846,0.847,-3.764,0.161,158.671,7,4
51,172818,0.198,0.854,0.139,0.856,0.0773,0.106,-18.72,0.031,82.405,5,4
0,199773,0.696,0.000855,0.677,0.000247,0.0646,0.551,-4.178,0.0554,150.125,2,4
74,178466,0.455,0.889,0.292,0,0.106,0.43,-6.792,0.0563,84.339,0,5
45,229560,0.242,0.901,0.137,0.0105,0.167,0.0644,-16.332,0.0322,92.454,2,3
42,235594,0.825,0.00735,0.925,0.808,0.057,0.567,-7.502,0.0463,123.025,4,4
41,125161,0.686,0.0957,0.955,0.00621,0.0809,0.447,-3.665,0.113,123.978,1,4
34,162083,0.635,0.994,0.0302,0.952,0.107,0.237,-26.234,0.0401,83.222,1,1
57,232981,0.689,0.000455,0.456,0.882,0.07,0.238,-12.307,0.0339,126,2,4
0,175026,0.592,0.000295,0.932,7.59E-05,0.138,0.698,-4.491,0.0885,93.675,6,4
77,177466,0.855,0.0505,0.587,0.00714,0.105,0.64,-4.589,0.0336,111.97,8,4
46,153173,0.512,0.215,0.977,0,0.343,0.731,-4.505,0.0671,120.165,2,4
0,238640,0.515,0.0102,0.43,0.000141,0.129,0.104,-9.935,0.0369,91.841,7,4
40,153103,0.542,0.935,0.189,0.91,0.0932,0.0755,-16.57,0.0398,116,0,4
31,255760,0.379,0.0142,0.695,1.13E-05,0.196,0.432,-5.922,0.0705,193.672,0,4
51,170958,0.482,0.958,0.0257,0.923,0.104,0.144,-26.303,0.0323,109.98,9,4
60,155820,0.43,0.985,0.256,0.867,0.106,0.173,-22.088,0.0641,133.955,2,4
36,182222,0.391,0.969,0.231,0.954,0.116,0.0882,-17,0.0363,107.981,3,4
62,240400,0.494,0.935,0.267,5.58E-05,0.128,0.166,-11.54,0.0308,115.117,0,3
5,227906,0.639,0.78,0.492,0,0.117,0.666,-8.497,0.0288,87.033,5,4
53,234640,0.722,0.161,0.696,0,0.0755,0.93,-11.095,0.0901,115.397,2,4
9,260004,0.608,0.851,0.174,1.92E-05,0.0855,0.193,-8.796,0.0332,112.175,1,4
47,146666,0.555,0.00291,0.98,0,0.279,0.643,-2.849,0.0947,114.078,3,4
78,197732,0.629,0.761,0.327,2.96E-05,0.103,0.381,-8.285,0.029,74.953,11,4
41,168141,0.516,0.487,0.407,0.0235,0.252,0.17,-7.841,0.0283,74.894,9,4
77,282160,0.556,0.0193,0.913,8.59E-06,0.346,0.73,-2.36,0.0437,96.184,0,4
52,290093,0.642,0.726,0.475,0.786,0.12,0.453,-11.404,0.0294,103.955,2,3
29,179520,0.694,0.612,0.359,0.738,0.137,0.348,-16.105,0.0408,125.077,9,4
58,206419,0.526,0.64,0.471,0.817,0.096,0.286,-11.965,0.0424,119.972,0,4
56,394862,0.485,0.765,0.497,0.886,0.132,0.065,-10.022,0.0308,100.857,2,4
52,233062,0.435,0.668,0.333,0.834,0.084,0.074,-15.885,0.0308,90.902,8,4
0,216933,0.474,0.587,0.41,3.97E-06,0.114,0.37,-9.373,0.0644,125.085,7,3
0,145714,0.587,0.000405,0.97,0.772,0.202,0.146,-4.512,0.216,128.069,8,4
55,229657,0.532,0.924,0.382,0.61,0.134,0.0455,-17.683,0.0543,127.038,9,4
39,459506,0.379,0.000169,0.652,0.0043,0.077,0.0724,-5.406,0.0325,121.035,9,4
54,209626,0.296,0.000702,0.9,0,0.339,0.286,-4.918,0.0922,184.256,2,4
50,335636,0.27,0.939,0.0384,0.936,0.1,0.0708,-24.513,0.0361,59.81,11,4
0,255384,0.434,0.0418,0.531,0.00021,0.0941,0.0935,-10.05,0.0305,156.155,2,4
62,204374,0.604,0.0512,0.894,0.000315,0.234,0.415,-4.755,0.113,127.964,5,4
0,176129,0.701,0.119,0.95,0.00355,0.221,0.477,-3.026,0.0675,124.002,9,4
68,143975,0.545,0.785,0.478,0.00278,0.123,0.318,-7.035,0.0559,173.746,8,4
0,192133,0.686,0.0398,0.632,2.20E-06,0.0686,0.88,-11.433,0.0353,118.965,9,4
74,209413,0.563,0.0472,0.865,0.000191,0.77,0.601,-5.277,0.16,156.271,5,4
11,263973,0.602,0.00398,0.784,0.0852,0.0931,0.918,-7.976,0.0313,133.019,11,4
59,275226,0.604,0.0011,0.789,0.828,0.368,0.348,-6.259,0.0273,122.032,5,4
0,166280,0.831,0.594,0.544,0.00389,0.0736,0.856,-9.288,0.0837,108.177,0,4
70,222826,0.591,8.74E-05,0.963,0.000107,0.0781,0.609,-6.489,0.0531,125.03,0,4
62,196026,0.511,0.0108,0.622,4.51E-06,0.127,0.425,-5.727,0.0242,99.934,2,4
56,194571,0.616,0.71,0.202,0.678,0.0871,0.0773,-14.144,0.0383,139.857,11,4
56,240746,0.754,0.0186,0.804,0.0604,0.207,0.972,-7.189,0.0368,132.967,11,4
76,252613,0.354,0.000237,0.982,0.000294,0.204,0.194,-3.026,0.168,143.772,4,4
43,230600,0.524,0.0149,0.919,7.05E-05,0.131,0.848,-5.505,0.0436,87.931,4,4
0,243752,0.605,0.757,0.319,0.00237,0.116,0.273,-10.892,0.0306,109.603,10,4
49,155625,0.653,0.00775,0.907,0.82,0.342,0.238,-5.877,0.11,128.079,7,4
28,226400,0.339,0.937,0.142,0.91,0.0847,0.121,-21.613,0.0416,109.98,10,4
76,210240,0.772,0.491,0.256,0.00612,0.144,0.357,-8.545,0.0481,118.902,7,3
68,304506,0.749,0.0674,0.699,0.00192,0.0763,0.935,-13.108,0.0371,128.904,1,4
35,257815,0.158,0.965,0.0963,0.105,0.0752,0.0395,-18.225,0.0398,71.012,0,4
70,329680,0.59,0.277,0.828,5.57E-06,0.0868,0.636,-6.28,0.0439,111.353,0,4
54,257668,0.553,0.862,0.24,0.946,0.0932,0.164,-19.522,0.0304,128.986,10,3
51,237346,0.602,0.0992,0.926,0.0449,0.241,0.574,-1.62,0.0897,100.014,5,4
23,256906,0.651,0.199,0.503,0.644,0.0781,0.558,-10.906,0.0323,133.044,0,4
32,307000,0.211,0.903,0.0147,0.935,0.342,0.0667,-22.964,0.0456,169.899,2,3
43,183400,0.572,0.000181,0.99,0.000295,0.118,0.397,-1.992,0.066,106.912,1,4
60,200346,0.32,0.64,0.256,0.862,0.112,0.191,-17.98,0.0445,115.011,10,4
50,217987,0.444,0.449,0.497,0.722,0.081,0.25,-12.601,0.0383,99.093,5,4
57,310666,0.464,0.0665,0.38,0.898,0.114,0.0558,-8.052,0.0279,100.006,7,3
0,199200,0.631,0.248,0.547,0.000119,0.0523,0.962,-12.626,0.036,94.533,6,4
49,166211,0.879,0.019,0.908,2.62E-06,0.309,0.759,-4.422,0.126,123.036,11,4
0,316880,0.282,0.568,0.476,0.0185,0.157,0.186,-6.524,0.0274,187.604,2,3
63,139506,0.813,0.245,0.619,0.0151,0.113,0.774,-8.203,0.0294,114.58,7,4
51,150947,0.639,0.00288,0.974,0.596,0.349,0.353,-4.13,0.057,130,7,4
43,205706,0.368,3.44E-05,0.967,3.44E-05,0.317,0.537,-3.464,0.0566,194.982,2,4
87,240133,0.567,0.839,0.267,1.46E-06,0.089,0.0592,-6.502,0.0299,110.011,4,4
45,480758,0.332,0.954,0.255,0.752,0.0784,0.134,-13.698,0.0309,187.786,9,4
53,202400,0.537,0.899,0.201,0.00163,0.077,0.196,-12.948,0.033,134.087,2,4
70,270920,0.468,0.00014,0.769,0.00124,0.271,0.17,-7.036,0.041,104.102,4,4
19,188346,0.7,0.113,0.751,0.00129,0.241,0.246,-3.853,0.0566,124.027,4,4
0,181666,0.491,0.000285,0.831,7.88E-05,0.0761,0.828,-5.321,0.0349,193.968,6,4
66,172645,0.411,0.103,0.962,0,0.529,0.622,-5.952,0.0917,173.143,4,4
40,198077,0.416,0.882,0.11,0.873,0.116,0.347,-13.776,0.0423,120.024,11,4
51,185250,0.579,0.73,0.411,0.8,0.0945,0.125,-13.068,0.0329,79.988,6,1
37,176000,0.474,0.973,0.161,0.907,0.113,0.357,-20.952,0.043,82.892,5,3
32,197800,0.42,0.98,0.135,0.941,0.0974,0.155,-20.518,0.0815,118.9,4,4
31,209052,0.587,0.379,0.713,0.439,0.332,0.816,-8.858,0.0268,130.05,1,4
47,240000,0.5,0.671,0.185,0,0.0827,0.159,-13.209,0.0302,140.148,1,4
34,253904,0.428,0.985,0.0517,0.945,0.11,0.13,-21.74,0.0548,111.311,3,4
42,155546,0.609,0.017,0.912,0.0335,0.44,0.533,-3.823,0.0486,128,0,4
33,159292,0.205,0.98,0.202,0.85,0.128,0.086,-15.952,0.0427,113.057,1,4
39,131116,0.2,0.896,0.138,0.929,0.207,0.138,-20.417,0.0301,71.631,0,4
31,448426,0.614,0.521,0.498,0.855,0.136,0.418,-14.325,0.0466,120.003,10,3
47,364743,0.532,0.000312,0.664,0.0427,0.303,0.075,-9.804,0.0603,128.973,1,4
51,190526,0.273,0.238,0.161,0.481,0.133,0.0503,-17.727,0.053,113.89,4,4
51,204624,0.475,0.995,0.109,0.948,0.127,0.405,-29.839,0.0303,99.008,2,4
52,159049,0.517,0.901,0.397,0.867,0.11,0.195,-14.281,0.0289,100.005,0,4
50,228971,0.481,0.0238,0.922,0.00185,0.0971,0.246,-4.17,0.064,127.931,3,4
46,284878,0.64,0.000211,0.667,0.899,0.0748,0.288,-10.19,0.0379,122.994,11,4
76,215160,0.526,0.00126,0.763,6.75E-05,0.359,0.514,-12.663,0.0341,136.205,0,4
0,245933,0.467,0.00578,0.876,0.00592,0.0453,0.131,-4.841,0.0693,135.055,10,4
45,166000,0.352,0.986,0.0246,0.928,0.107,0.174,-27.226,0.0419,78.809,9,4
34,184000,0.312,0.994,0.00811,0.961,0.1,0.0703,-30.381,0.0389,115.486,1,4
52,156631,0.534,8.05E-05,0.957,0.758,0.266,0.52,-4.025,0.0455,95.046,1,4
39,168560,0.478,4.65E-05,0.942,0.0336,0.061,0.726,-2.71,0.08,173.515,1,4
55,207226,0.481,0.688,0.6,0.00633,0.963,0.818,-8.722,0.0801,124.637,6,4
78,248413,0.794,0.0426,0.811,1.07E-06,0.101,0.862,-8.966,0.038,116.047,6,4
53,250200,0.883,0.225,0.664,2.30E-06,0.941,0.8,-10.395,0.411,118.104,4,4
0,191239,0.544,0.000115,0.97,3.34E-05,0.238,0.349,-3.78,0.0532,103.909,1,4
0,126120,0.664,0.511,0.352,0.806,0.109,0.45,-9.426,0.0278,87.054,2,4
53,176373,0.0789,0.733,0.16,0.786,0.0943,0.0409,-18.144,0.0362,56.449,7,4
59,187120,0.242,0.0148,0.992,0.113,0.833,0.374,-3.9,0.0988,159.37,4,4
46,168750,0.547,0.00129,0.895,0.107,0.288,0.0353,-7.081,0.0683,128.022,5,4
66,495400,0.87,0.149,0.657,0.0102,0.053,0.893,-7.32,0.0522,110.596,2,4
66,217746,0.403,0.387,0.495,8.03E-06,0.147,0.38,-6.888,0.0312,132.912,10,4
69,256786,0.484,0.406,0.457,0.646,0.297,0.187,-13.976,0.0456,87.159,1,4
0,200146,0.284,0.848,0.262,0.00483,0.0966,0.107,-9.869,0.028,98.66,11,4
31,159866,0.566,0.995,0.00792,0.909,0.0874,0.0621,-34.484,0.0445,61.167,3,4
21,235813,0.365,0.994,0.00656,0.888,0.119,0.0809,-21.678,0.0427,68.17,8,5
11,139050,0.353,0.969,0.0544,0.915,0.106,0.158,-22.657,0.0408,74.883,8,4
27,133125,0.373,0.978,0.191,0.944,0.0737,0.411,-24.099,0.0302,96.682,7,4
65,231786,0.694,0.0153,0.881,0.0196,0.0851,0.924,-4.053,0.0701,121.554,1,4
50,267152,0.845,0.0447,0.744,0.343,0.13,0.694,-9.539,0.0567,126,10,4
44,203173,0.382,0.127,0.907,5.65E-06,0.0915,0.346,-6.383,0.295,183.35,10,4
58,195000,0.59,0.000753,0.888,0.00535,0.817,0.0715,-4.151,0.0797,128.025,0,4
34,240253,0.508,0.00022,0.947,0.0315,0.0784,0.419,-3.684,0.0531,163.731,3,4
51,218466,0.635,0.0973,0.808,0,0.141,0.726,-5.026,0.0262,131.377,9,4
74,176293,0.584,0.55,0.367,1.38E-05,0.0818,0.588,-9.638,0.0328,120.175,6,4
41,365928,0.276,0.314,0.251,6.05E-06,0.122,0.18,-9.078,0.0295,95.705,2,4
65,186533,0.578,0.000121,0.882,0.479,0.284,0.623,-6.354,0.044,125.603,7,4
66,215238,0.572,0.00292,0.934,0.0198,0.105,0.204,-5.053,0.0446,125.948,6,4
3,288594,0.539,0.617,0.432,0.692,0.11,0.133,-9.298,0.0249,105.196,8,4
55,177213,0.535,0.000919,0.854,0.00149,0.0676,0.618,-6.519,0.0368,106.929,1,4
83,185733,0.557,0.0339,0.54,0.00248,0.179,0.394,-10.484,0.0347,129.171,9,4
83,208400,0.574,0.061,0.913,0.00158,0.156,0.423,-4.793,0.133,115.728,6,4
45,261240,0.421,0.000442,0.935,0.000212,0.1,0.455,-5.153,0.0697,165.02,8,4
36,303013,0.502,0.000214,0.92,0,0.306,0.182,-4.588,0.0611,159.884,2,4
62,176657,0.587,0.0653,0.734,0.000571,0.398,0.401,-4.558,0.0407,125.848,9,4
46,189834,0.544,0.00851,0.932,0.00811,0.157,0.337,-5.816,0.0679,125.954,10,4
54,231096,0.383,0.000328,0.946,1.13E-06,0.0537,0.534,-8.122,0.0789,108.591,1,4
0,207295,0.341,0.00123,0.989,0.822,0.4,0.119,-3.828,0.111,103.48,4,1
0,224053,0.784,0.261,0.675,1.40E-06,0.293,0.854,-7.718,0.049,124.908,0,4
38,211295,0.404,0.702,0.249,0.000911,0.171,0.284,-15.881,0.0472,120.221,7,4
49,328040,0.6,0.0938,0.882,0.912,0.0542,0.347,-8.394,0.0311,120.008,5,4
59,161048,0.584,0.21,0.835,1.49E-06,0.126,0.371,-3.663,0.0584,128.106,7,4
22,251693,0.439,0.316,0.454,0.000696,0.0901,0.388,-8.251,0.028,97.97,5,4
50,222000,0.545,0.771,0.253,0.922,0.108,0.0529,-17.953,0.033,115.848,2,4
47,121250,0.714,0.393,0.4,0.000718,0.109,0.318,-8.264,0.0618,81.974,2,4
0,256040,0.389,0.24,0.52,0.00467,0.337,0.654,-8.114,0.0332,134.329,0,4
51,210500,0.52,0.605,0.305,0.899,0.16,0.0389,-14.38,0.0322,120.109,7,4
0,243840,0.211,4.51E-05,0.921,0,0.1,0.351,-4.468,0.0729,171.9,0,4
0,280800,0.636,0.618,0.319,1.70E-06,0.125,0.378,-10.065,0.0718,74.109,10,4
1,271240,0.768,0.213,0.852,7.45E-05,0.0723,0.867,-6.215,0.038,128.374,4,4
61,178986,0.731,0.0862,0.75,0.000388,0.202,0.639,-10.457,0.0321,135.406,2,4
0,297249,0.67,0.762,0.417,0.0214,0.104,0.0708,-12.553,0.0404,121.13,8,4
73,186480,0.21,0.00602,0.94,0,0.269,0.255,-3.427,0.123,179.722,9,4
32,268655,0.429,0.475,0.356,0.481,0.125,0.0965,-7.615,0.0282,139.915,0,3
23,241079,0.548,0.13,0.569,0.00134,0.0584,0.265,-6.215,0.039,75.082,11,4
51,197183,0.576,0.0198,0.948,0.000123,0.683,0.193,-4.251,0.0898,128.029,9,3
37,183428,0.575,0.937,0.202,0.441,0.103,0.142,-18.544,0.0444,139.943,8,4
57,203946,0.432,0.807,0.34,0,0.0864,0.449,-7.977,0.0824,135.172,5,4
42,163666,0.387,0.993,0.00579,0.929,0.136,0.137,-21.823,0.0439,111.991,7,4
51,158666,0.479,0.771,0.221,0.856,0.101,0.089,-19.689,0.0325,115.965,6,4
49,196589,0.503,0.488,0.504,1.59E-06,0.122,0.67,-6.843,0.416,85.39,0,4
57,149000,0.529,0.8,0.214,0.907,0.109,0.0903,-19.268,0.0315,124.069,6,4
55,158176,0.283,0.993,0.122,0.905,0.0927,0.112,-23.074,0.0285,83.746,9,4
0,188800,0.435,0.000203,0.884,0,0.0876,0.82,-3.468,0.0392,201.773,2,4
12,231573,0.463,0.000233,0.962,0.109,0.0906,0.66,-6.43,0.0704,94.003,7,4
8,106573,0.266,0.99,0.0028,0.889,0.0933,0.151,-33.729,0.0493,132.581,7,4
7,174013,0.31,0.995,0.0987,0.86,0.714,0.0558,-25.408,0.0444,106.205,4,1
47,208237,0.705,0.463,0.681,0.839,0.123,0.707,-8.278,0.0258,114.003,9,4
23,159045,0.365,0.983,0.119,0.919,0.112,0.249,-20.962,0.0405,147.573,7,4
41,142200,0.487,0.902,0.111,0.000107,0.35,0.179,-11.608,0.0356,87.161,5,4
40,248573,0.674,0.00165,0.89,0.0136,0.0465,0.9,-3.953,0.274,104.862,8,4
54,195986,0.647,0.815,0.235,1.78E-05,0.233,0.0382,-10.123,0.0389,129.85,8,4
79,287693,0.435,0.873,0.155,0,0.107,0.0935,-8.948,0.046,128.532,1,3
50,199920,0.463,0.917,0.179,1.73E-05,0.12,0.183,-14.852,0.0402,80.747,0,4
33,219213,0.578,0.994,0.0154,0.945,0.0799,0.244,-24.126,0.0987,123.953,2,3
39,314080,0.475,0.0168,0.498,0.492,0.137,0.0592,-10.609,0.0303,88.882,10,4
56,335466,0.653,0.0082,0.975,0.5,0.678,0.911,-9.071,0.0409,126.919,0,4
59,187385,0.558,0.985,0.249,0.925,0.103,0.111,-14.715,0.0303,94.991,7,4
70,237106,0.803,0.576,0.488,0.0609,0.0763,0.624,-9.303,0.0803,95.771,1,4
58,269000,0.348,0.962,0.226,0.00483,0.135,0.173,-10.918,0.0386,129.251,3,3
47,209093,0.19,0.768,0.167,0.164,0.126,0.0491,-11.298,0.0291,169.636,3,4
50,180689,0.247,0.622,0.231,0.87,0.0878,0.0485,-19.639,0.0328,174.014,1,4
31,200527,0.385,0.994,0.305,0.949,0.109,0.172,-12.044,0.0466,74.024,3,4
35,208613,0.47,0.524,0.526,0.00557,0.0856,0.257,-10.987,0.0307,138.978,1,4
78,313573,0.466,0.0266,0.833,0,0.0327,0.661,-4.215,0.304,88.785,7,4
19,285000,0.526,0.709,0.493,0.606,0.0993,0.574,-9.728,0.0428,154.071,2,4
46,244240,0.376,0.133,0.277,0,0.0643,0.309,-18.291,0.0357,178.814,1,4
73,226240,0.898,0.0135,0.271,0.00138,0.0461,0.742,-12.238,0.091,111.485,7,4
37,261200,0.806,0.138,0.847,0.00157,0.067,0.97,-4.47,0.0319,121.718,0,4
47,240383,0.696,0.0578,0.824,8.56E-06,0.158,0.667,-5.67,0.0538,126.023,0,4
35,110714,0.534,0.973,0.019,0.896,0.108,0.157,-26.071,0.0413,115.917,7,4
42,353007,0.394,0.993,0.0807,0.944,0.0964,0.0394,-25.987,0.0318,124.904,0,4
49,303120,0.559,0.0463,0.441,0.763,0.115,0.389,-13.862,0.0398,94.014,7,4
54,202480,0.628,0.111,0.587,0,0.156,0.4,-5.195,0.0441,140.01,7,4
60,242706,0.72,0.199,0.88,0.0246,0.0865,0.961,-8.988,0.0406,118.623,5,4
56,188795,0.515,0.54,0.408,0.769,0.0916,0.308,-12.688,0.0385,115.002,7,4
61,199895,0.658,0.0471,0.765,1.02E-05,0.0936,0.222,-7.002,0.0469,119.974,11,4
73,260533,0.546,0.818,0.311,1.65E-05,0.107,0.246,-10.396,0.0288,147.464,1,4
38,213173,0.596,0.381,0.528,0.859,0.205,0.15,-12.481,0.0289,117.041,2,4
63,280000,0.309,0.0192,0.93,0.0022,0.106,0.376,-6.399,0.125,195.815,11,4
65,177120,0.579,0.0426,0.784,0.0235,0.317,0.562,-4.686,0.0659,125.122,5,4
51,234000,0.301,0.99,0.189,0.893,0.106,0.0379,-16.072,0.0351,139.894,9,4
0,213373,0.544,0.95,0.316,0.7,0.0978,0.173,-11.666,0.0307,124.989,4,4
57,155520,0.741,0.00254,0.812,0.104,0.301,0.146,-5.356,0.039,124.991,1,4
50,209000,0.775,0.00481,0.876,0.0536,0.661,0.797,-9.58,0.0383,123.979,0,4
0,324760,0.591,0.0213,0.931,0,0.122,0.673,-4.84,0.0557,101.551,2,4
48,161992,0.614,0.0125,0.96,0.687,0.366,0.0392,-5.081,0.0465,128.019,2,4
54,165685,0.238,0.404,0.191,0.888,0.107,0.0365,-20.242,0.0351,140.282,7,4
40,262375,0.54,0.0122,0.574,0.000658,0.226,0.225,-7.006,0.0232,94.975,7,4
77,227266,0.645,0.221,0.598,3.53E-06,0.0721,0.913,-13.18,0.0335,105.929,1,4
40,166226,0.475,0.000121,0.907,0,0.034,0.408,-5.064,0.0941,92.578,0,4
22,152456,0.383,0.988,0.101,0.919,0.102,0.242,-18.306,0.0427,119.709,0,3
46,247000,0.515,0.0244,0.496,7.24E-06,0.0895,0.442,-8.018,0.0275,138.61,5,4
78,266600,0.457,0.0206,0.757,0,0.146,0.417,-5.177,0.032,102.961,1,4
0,264293,0.367,0.000229,0.915,0,0.184,0.215,-5.453,0.0682,112.642,7,4
31,279826,0.46,0.14,0.59,0.591,0.112,0.212,-9.375,0.0327,118.008,6,4
53,287333,0.488,0.153,0.777,0.0312,0.825,0.481,-12.658,0.0894,81.437,9,4
37,254426,0.489,0.641,0.357,0.333,0.0838,0.0388,-9.745,0.0259,92.009,6,4
55,264893,0.588,0.0386,0.598,5.83E-05,0.107,0.866,-13.288,0.0296,123.724,9,4
59,149773,0.367,0.972,0.121,0.0322,0.0871,0.0926,-13.778,0.0335,132.244,6,4
53,223573,0.387,0.000158,0.669,0.423,0.166,0.414,-11.187,0.0395,90.995,0,4
49,166927,0.575,0.197,0.373,0.898,0.0753,0.123,-11.642,0.0279,74.975,11,4
50,205859,0.383,0.63,0.446,0,0.0946,0.213,-8.693,0.0382,77.399,0,4
64,161520,0.389,0.972,0.1,0.934,0.113,0.0676,-22.464,0.0358,133.839,10,4
33,356125,0.448,0.328,0.591,0.708,0.111,0.303,-9.291,0.0327,145.482,0,4
0,154160,0.48,0.317,0.561,0.00641,0.184,0.541,-5.874,0.027,164.791,0,4
67,255066,0.693,0.194,0.565,0.000175,0.0806,0.692,-12.583,0.0345,97.937,9,4
50,156473,0.632,0.224,0.469,0.854,0.0902,0.316,-10.513,0.0307,128,11,4
29,82880,0.517,0.995,0.0145,0.884,0.0719,0.549,-42.018,0.0615,62.122,0,4
0,256360,0.15,4.24E-05,0.875,0.00103,0.0957,0.156,-7.27,0.0975,169.806,9,3
62,223733,0.465,0.00109,0.844,0.399,0.0865,0.155,-4.352,0.0379,170.358,1,4
59,194531,0.587,0.03,0.882,0.116,0.195,0.0653,-5.838,0.0427,127.97,0,4
50,150405,0.435,0.977,0.154,0.85,0.0728,0.0799,-21.451,0.0367,148.1,6,4
40,269866,0.49,0.0934,0.521,0.862,0.266,0.148,-9.601,0.0295,107.778,2,4
73,164813,0.626,0.237,0.816,1.80E-06,0.104,0.798,-10.593,0.13,105.33,9,4
34,149647,0.369,0.996,0.0283,0.941,0.101,0.119,-25.76,0.0399,83.391,2,4
0,326146,0.211,0.916,0.0838,0.41,0.102,0.0404,-20.882,0.0398,90.249,10,4
1,290280,0.577,0.0338,0.808,1.33E-05,0.221,0.869,-7.04,0.039,151.008,1,4
57,145039,0.614,0.0574,0.98,2.51E-05,0.086,0.179,-3.61,0.199,127.062,3,4
59,192000,0.221,0.958,0.183,0.821,0.102,0.057,-17.59,0.0362,117.321,6,4
32,207500,0.312,0.959,0.0185,0.901,0.111,0.147,-25.607,0.0437,176.972,9,4
29,207554,0.692,0.992,0.00643,0.847,0.0452,0.16,-34.388,0.0553,105.987,9,4
0,342493,0.244,0.501,0.254,0.0458,0.105,0.0909,-12.966,0.0296,81.049,7,4
53,288666,0.795,0.443,0.71,0.0215,0.344,0.845,-4.746,0.0392,109.689,9,4
30,225700,0.522,0.981,0.0781,0.927,0.361,0.0796,-24.89,0.0424,107.038,10,4
52,178741,0.636,0.891,0.248,0.922,0.106,0.138,-17.313,0.0309,117.006,4,3
49,133645,0.435,0.913,0.0595,0.882,0.104,0.0898,-17.456,0.0435,115.929,2,4
56,195057,0.491,0.916,0.217,0.962,0.177,0.0647,-6.805,0.0521,99.97,4,4
49,218880,0.449,0.58,0.163,0.908,0.114,0.0501,-16.409,0.0361,125.088,11,4
30,143000,0.424,0.972,0.323,0.904,0.103,0.436,-27.586,0.0287,133.382,9,1
30,353732,0.0903,0.646,0.362,0.402,0.106,0.0964,-8.929,0.0337,74.729,7,4
82,303373,0.388,0.652,0.338,3.72E-06,0.248,0.477,-10.054,0.0328,177.784,10,4
77,272293,0.578,0.183,0.817,3.06E-06,0.285,0.726,-6.542,0.0363,141.621,0,4
65,282093,0.328,0.000224,0.826,0.000944,0.0818,0.341,-5.085,0.0362,106.606,6,4
55,218666,0.398,0.902,0.0887,1.76E-06,0.0873,0.356,-13.683,0.0334,74.797,9,4
0,220413,0.594,0.000156,0.766,0.00345,0.086,0.453,-7.598,0.0327,143.482,5,4
60,258973,0.364,6.01E-05,0.925,0.000251,0.0603,0.301,-4.224,0.0659,153.981,4,4
72,169026,0.494,0.00129,0.946,0,0.398,0.741,-2.757,0.0637,103.408,4,4
74,295400,0.586,0.0589,0.7,0.00125,0.0318,0.897,-9.558,0.0363,147.245,0,4
0,181147,0.563,0.0122,0.882,2.09E-06,0.0641,0.296,-4.755,0.0596,125.043,1,4
25,250373,0.665,0.336,0.56,0.0857,0.327,0.414,-7.301,0.0667,98.015,7,4
22,146125,0.378,0.995,0.0181,0.881,0.104,0.16,-31.001,0.0552,86.533,8,1
52,200880,0.656,0.00352,0.723,0,0.345,0.412,-7.693,0.0366,125.005,7,4
56,192000,0.587,0.207,0.85,0,0.64,0.528,-3.904,0.0654,127.914,11,4
58,172519,0.534,0.0915,0.765,0.00107,0.225,0.117,-3.151,0.0338,127.978,1,4
37,206584,0.764,0.666,0.245,0.787,0.0967,0.356,-16.201,0.0383,101.968,8,4
31,192941,0.428,0.995,0.00129,0.955,0.0913,0.13,-32.837,0.0753,67.645,0,5
71,324422,0.705,0.432,0.743,0.0133,0.103,0.374,-6.631,0.042,118.552,1,4
38,193653,0.211,0.993,0.00977,0.891,0.0996,0.13,-25.787,0.0396,175.397,1,4
38,340768,0.268,0.0656,0.494,2.61E-05,0.123,0.136,-7.219,0.0321,102.065,4,3
46,196273,0.541,0.000492,0.967,0.676,0.103,0.134,-5.682,0.0529,126.026,1,4
36,278653,0.509,0.0329,0.583,0.000124,0.359,0.67,-4.902,0.0615,170.886,0,4
82,242265,0.38,0.917,0.219,0.0104,0.0827,0.0517,-13.273,0.0358,73.537,4,4
66,237973,0.581,0.893,0.4,0.576,0.161,0.433,-8.739,0.0291,112.331,2,4
50,212460,0.877,0.776,0.178,0.0193,0.107,0.442,-13.987,0.102,74.997,3,4
26,126480,0.522,0.994,0.0155,0.927,0.0949,0.119,-28.022,0.0441,91.764,10,4
48,194495,0.479,0.918,0.346,0.929,0.111,0.23,-17.916,0.0306,143.965,9,4
44,215447,0.68,0.00538,0.721,0.000216,0.0679,0.267,-6.21,0.0355,122,7,4
36,248413,0.511,0.000106,0.914,0.00097,0.195,0.393,-5.31,0.0457,99.011,8,4
61,216186,0.404,0.274,0.48,8.63E-06,0.132,0.2,-8.906,0.0303,129.162,9,3
36,177077,0.187,0.992,0.014,0.923,0.0925,0.144,-29.31,0.0418,69.012,9,4
54,225500,0.286,0.971,0.14,0.892,0.134,0.154,-16.496,0.0346,119.191,7,4
66,181533,0.44,0.891,0.306,0,0.103,0.201,-8.947,0.0363,117.288,9,4
0,263373,0.284,0.155,0.523,0.0934,0.0933,0.0697,-6.512,0.0285,100.597,7,4
48,218000,0.661,0.0188,0.93,0.00146,0.0919,0.367,-4.208,0.0617,122.052,7,4
41,180972,0.62,0.00402,0.897,8.56E-05,0.108,0.183,-3.595,0.086,126.013,11,4
41,252500,0.681,0.00732,0.969,0.199,0.219,0.26,-1.394,0.0702,126.024,1,4
54,157333,0.492,0.0014,0.969,1.32E-06,0.0787,0.538,-4.419,0.0491,95.136,9,4
0,268455,0.373,0.906,0.178,0.558,0.109,0.0933,-15.52,0.0303,108.605,7,4
55,149013,0.545,0.362,0.255,1.77E-05,0.0841,0.831,-14.844,0.0311,98.088,8,4
39,183181,0.491,0.97,0.197,0.916,0.214,0.216,-19.261,0.0298,132.106,4,4
52,154863,0.56,0.00104,0.559,0.812,0.123,0.0869,-7.807,0.0274,133.044,0,4
33,204827,0.438,0.855,0.404,0.881,0.11,0.4,-13.924,0.039,116.142,6,4
50,125626,0.271,0.00099,0.931,0,0.182,0.382,-6.81,0.0785,142.407,1,4
0,162106,0.443,0.00161,0.973,0,0.353,0.458,-4.386,0.133,157.872,4,4
43,193548,0.864,0.00875,0.742,0.394,0.41,0.689,-6.117,0.043,124.009,1,4
0,262253,0.328,0.0041,0.799,6.29E-06,0.069,0.502,-5.992,0.0296,169.896,2,3
45,193207,0.2,0.992,0.0212,0.903,0.0929,0.0631,-32.285,0.0499,74.852,0,1
51,238020,0.637,0.0925,0.613,0.425,0.156,0.598,-7.432,0.0272,127.006,1,4
49,149306,0.44,0.00222,0.919,0.00503,0.0892,0.773,-4.462,0.0735,184.324,7,4
60,330760,0.523,0.00387,0.833,0.000339,0.0841,0.482,-4.374,0.0405,115.975,7,4
33,230284,0.25,0.991,0.00846,0.896,0.0853,0.0638,-24.348,0.0373,78.552,8,1
73,184866,0.524,0.00022,0.939,0,0.623,0.661,-3.994,0.113,150.184,9,4
53,197480,0.298,0.00111,0.597,0,0.0819,0.536,-12.107,0.0343,180.434,5,4
22,133000,0.354,0.976,0.0214,0.903,0.0957,0.148,-32.492,0.0388,112.008,6,4
80,278719,0.449,0.0522,0.585,8.49E-05,0.0833,0.203,-6.762,0.0268,139.627,5,4
0,208106,0.646,0.159,0.938,0,0.235,0.888,-3.453,0.0448,106.029,11,4
54,223440,0.778,0.179,0.639,0.000934,0.322,0.543,-5.985,0.0292,119.977,6,4
54,214277,0.134,0.961,0.0601,0.869,0.109,0.0388,-19.866,0.0352,73.855,7,1
51,195468,0.636,0.00222,0.912,0.0269,0.598,0.0765,-5.671,0.091,127.963,11,4
58,256236,0.407,0.778,0.308,1.46E-05,0.092,0.153,-9.001,0.0296,73.254,10,3
54,118321,0.319,0.937,0.122,0.905,0.167,0.214,-16.69,0.0373,70.263,4,4
30,372173,0.274,0.995,0.00332,0.909,0.175,0.17,-41.45,0.0424,67.765,1,1
35,182000,0.356,0.989,0.0499,0.943,0.135,0.153,-24.949,0.0407,67.11,11,4
51,348907,0.736,0.00178,0.356,0.704,0.0925,0.525,-8.676,0.0405,118.002,4,4
50,165268,0.261,0.474,0.25,0.893,0.0882,0.0827,-18.526,0.0339,153.045,7,4
0,151400,0.549,0.988,0.0604,0.869,0.111,0.113,-23.059,0.0332,113.98,6,3
31,301291,0.118,0.911,0.0567,0.879,0.106,0.0391,-19.274,0.0427,83.721,11,4
57,189200,0.364,0.000104,0.912,0.0025,0.086,0.666,-2.968,0.107,105.368,7,4
45,200240,0.512,0.03,0.97,0,0.0994,0.427,-3.886,0.212,94.952,8,4
37,176946,0.544,0.000132,0.895,0.107,0.147,0.875,-6.207,0.0522,98.128,1,4
0,76773,0.376,0.965,0.0879,0.944,0.099,0.308,-19.815,0.0423,70.433,0,4
0,199386,0.198,0.00131,0.977,4.62E-05,0.23,0.351,-3.499,0.173,195.795,3,4
30,223500,0.306,0.996,0.0846,0.901,0.0909,0.118,-27.607,0.0535,164.732,1,4
55,161266,0.134,0.992,0.0407,0.794,0.117,0.043,-31.537,0.0426,217.95,10,4
19,109000,0.461,0.968,0.272,0.946,0.113,0.533,-24.315,0.0363,122.731,8,3
49,125500,0.616,0.966,0.292,0.927,0.0955,0.0633,-16.837,0.0423,127.008,2,1
49,135585,0.708,0.00885,0.863,0.366,0.285,0.437,-4.001,0.0606,127.981,9,4
48,176506,0.62,0.00791,0.85,0,0.0769,0.715,-4.096,0.0327,107.982,9,4
84,239600,0.733,0.145,0.71,0.115,0.0956,0.965,-5.849,0.0292,127.975,5,4
42,518373,0.299,0.169,0.541,0.795,0.132,0.191,-10.641,0.0513,142.724,7,4
0,156413,0.374,0.995,0.068,0.934,0.119,0.241,-21.842,0.0517,66.01,11,4
37,255358,0.321,0.973,0.0792,0.104,0.0888,0.106,-17.737,0.0329,145.293,5,3
34,256259,0.594,0.988,0.0624,0.928,0.109,0.0738,-19.409,0.0472,123.999,10,4
18,245200,0.315,0.987,0.102,0.954,0.104,0.169,-22.435,0.0423,63.679,11,5
42,213750,0.651,0.000934,0.836,0.932,0.112,0.0741,-6.154,0.0588,127.986,6,4
37,173319,0.416,0.99,0.0322,0.929,0.101,0.0614,-29.145,0.0451,120.321,2,4
60,242000,0.552,0.956,0.126,0.0153,0.109,0.439,-18.014,0.0306,92.441,11,4
57,262573,0.45,0.000124,0.978,7.14E-06,0.361,0.268,-4.198,0.0637,155.014,9,4
32,228622,0.157,0.991,0.0755,0.897,0.184,0.119,-23.545,0.051,71.23,7,4
73,130545,0.593,0.794,0.229,0,0.167,0.42,-8.888,0.0307,117.823,9,4
66,274160,0.651,0.00184,0.908,0.000579,0.384,0.769,-4.019,0.0577,123.851,2,4
57,187382,0.494,0.069,0.739,0.000368,0.0664,0.235,-4.61,0.0427,128.007,6,4
50,200000,0.368,0.81,0.293,0.864,0.11,0.197,-16.379,0.0346,119.977,9,4
34,198545,0.597,0.95,0.327,0.96,0.0966,0.0399,-15.743,0.0342,109.99,9,4
45,173333,0.625,0.00032,0.994,0.0461,0.767,0.35,-1.689,0.0501,125.032,1,4
0,225937,0.501,0.0071,0.784,0.000257,0.155,0.216,-4.292,0.0417,128.052,7,4
42,276960,0.304,0.73,0.317,0.00519,0.118,0.0596,-10.52,0.0285,147.83,11,4
3,228546,0.648,0.985,0.177,0.000353,0.134,0.236,-13.474,0.0311,99.101,9,3
82,281613,0.601,0.432,0.532,6.25E-06,0.0925,0.341,-9.119,0.0286,136.571,10,4
0,403469,0.716,0.884,0.644,0.617,0.138,0.464,-12.444,0.0718,121.053,9,4
72,369573,0.751,0.0481,0.708,1.83E-05,0.107,0.509,-5.645,0.0545,108.97,0,4
47,254613,0.431,0.000481,0.858,7.65E-06,0.385,0.616,-3.533,0.0306,174.979,7,4
56,223853,0.609,0.403,0.789,0.0811,0.0446,0.717,-5.565,0.0468,144.047,11,4
55,220520,0.604,0.835,0.179,0,0.162,0.391,-15.383,0.0339,124.982,2,3
33,453804,0.35,0.991,0.0706,0.931,0.1,0.0877,-24.271,0.0441,102.507,5,4
52,322892,0.275,0.0418,0.659,4.15E-05,0.079,0.149,-5.631,0.039,144.908,6,4
0,195293,0.401,0.00492,0.988,0,0.4,0.514,-3.308,0.0916,169.024,2,4
51,189335,0.49,0.862,0.193,9.74E-06,0.113,0.184,-9.544,0.0421,89.154,11,4
52,206820,0.526,0.456,0.385,0.922,0.0935,0.212,-13.755,0.0296,120.008,0,4
70,242280,0.339,0.0015,0.931,0.000142,0.425,0.467,-3.425,0.062,112.548,5,4
40,197866,0.362,0.00022,0.979,0,0.459,0.195,-4.262,0.205,89.431,4,4
51,222093,0.438,0.968,0.073,0.755,0.0935,0.0668,-21.944,0.0411,79.973,1,4
57,215714,0.743,0.762,0.748,6.25E-05,0.0939,0.476,-4.822,0.0519,126.086,0,4
60,182671,0.646,0.0199,0.979,0.776,0.38,0.091,-5.312,0.101,124.066,4,4
73,263333,0.5,0.114,0.681,4.01E-05,0.139,0.745,-9.556,0.0672,119.46,0,4
7,231920,0.745,0.00666,0.466,0.35,0.272,0.303,-7.62,0.0864,123.889,4,4
41,204241,0.9,0.632,0.255,3.91E-05,0.0953,0.483,-12.664,0.221,94.978,6,4
27,122537,0.619,0.996,0.0203,0.944,0.0812,0.337,-26.572,0.0369,135.86,6,4
53,261613,0.455,0.931,0.216,0.921,0.0839,0.179,-20.107,0.0363,171.936,3,4
57,213948,0.263,0.00192,0.784,0,0.15,0.385,-6.514,0.054,114.671,7,4
54,163124,0.428,0.0259,0.873,2.64E-05,0.668,0.285,-3.499,0.0566,127.95,10,4
65,307697,0.571,0.979,0.172,0.275,0.124,0.297,-20.7,0.0318,90.972,7,4
68,188240,0.742,0.0838,0.844,0,0.418,0.85,-6.441,0.111,113.371,2,4
37,233546,0.445,0.173,0.469,0.000624,0.0998,0.535,-5.981,0.0291,178.052,8,4
46,225839,0.317,0.986,0.106,0.899,0.111,0.108,-20.574,0.0302,78.66,1,4
62,228480,0.631,0.616,0.402,0.0114,0.0892,0.598,-11.125,0.0286,78,5,4
0,166560,0.684,0.905,0.0646,1.86E-05,0.0789,0.334,-18.052,0.0522,95.99,10,3
49,201951,0.395,0.984,0.147,0.909,0.0724,0.167,-19.174,0.051,164.176,2,4
39,207301,0.71,0.00891,0.705,0.16,0.177,0.34,-7.417,0.0345,119.986,7,4
67,238532,0.592,0.842,0.256,2.38E-06,0.088,0.103,-14.031,0.0449,76.361,4,4
25,228873,0.55,0.843,0.596,0.462,0.15,0.207,-8.962,0.0335,143.182,10,4
0,305346,0.423,0.928,0.0657,1.40E-06,0.0922,0.105,-14.421,0.0386,98.489,1,3
75,196893,0.632,0.00143,0.639,0,0.221,0.733,-5.938,0.0259,95.506,5,4
0,209266,0.653,0.00287,0.966,0.0026,0.143,0.874,-4.236,0.0598,126.921,9,4
31,164703,0.437,0.984,0.0747,0.914,0.109,0.175,-20.209,0.0648,117.078,1,4
57,225829,0.342,0.995,0.0311,0.92,0.131,0.0634,-26.999,0.0355,97.622,9,3
55,278093,0.246,0.713,0.482,0.226,0.102,0.0776,-9.949,0.0359,141.863,8,4
42,227404,0.67,0.00162,0.88,0,0.261,0.312,-6.419,0.044,121.004,4,4
77,244884,0.865,0.548,0.521,0.000115,0.0989,0.748,-6.932,0.0371,129.059,0,4
53,288040,0.572,0.265,0.571,0.917,0.109,0.115,-10.067,0.0331,96.986,8,4
79,285240,0.554,0.893,0.321,0,0.0996,0.288,-8.251,0.028,135.047,9,4
58,182812,0.655,0.00297,0.794,1.34E-05,0.1,0.389,-5.29,0.0765,127.957,6,4
51,193750,0.472,0.84,0.305,0,0.142,0.584,-11.465,0.0295,165.9,8,4
23,225233,0.272,0.895,0.337,0.713,0.0764,0.0374,-13.724,0.0338,93.64,9,3
42,211159,0.371,0.963,0.15,0,0.124,0.0785,-11.116,0.0294,68.774,2,4
54,201951,0.501,0.0303,0.887,2.64E-05,0.114,0.336,-3.941,0.0424,123.052,1,4
0,242893,0.537,0.0939,0.606,0.00559,0.11,0.582,-7.048,0.0347,128.73,2,4
77,213066,0.631,0.0436,0.932,0.137,0.0918,0.971,-4.142,0.0354,122.429,5,4
67,177152,0.618,0.883,0.37,0,0.123,0.433,-10.5,0.0543,114.26,10,4
52,176129,0.432,0.0149,0.839,0,0.362,0.269,-3.901,0.0425,123.987,6,4
34,176000,0.234,0.992,0.174,0.942,0.148,0.362,-21.752,0.0376,66.301,9,4
30,283506,0.382,0.987,0.0305,0.783,0.0921,0.0835,-26.271,0.0574,72.398,11,4
1,215266,0.534,0.00865,0.605,0.00826,0.0781,0.56,-4.366,0.113,123.003,9,4
42,141951,0.65,0.3,0.912,0.668,0.306,0.729,-4.278,0.055,126.073,11,4
54,183173,0.615,0.639,0.332,0,0.15,0.515,-10.161,0.0295,125.894,7,4
50,150169,0.444,0.00308,0.382,0.816,0.0915,0.197,-9.324,0.0397,123.59,2,3
52,154692,0.548,0.0125,0.864,0.287,0.818,0.161,-6.835,0.0881,128.196,11,4
30,133918,0.308,0.988,0.0229,0.819,0.0935,0.148,-26.941,0.0406,145.717,9,4
0,185358,0.376,0.000874,0.771,8.98E-06,0.274,0.419,-5.8,0.0422,168.154,6,4
0,245109,0.404,8.51E-05,0.969,0.0114,0.268,0.29,-2.938,0.195,173.878,8,4
73,203893,0.795,0.0934,0.564,0.000531,0.0631,0.961,-10.482,0.0392,124.166,7,4
61,274000,0.597,0.00108,0.939,9.77E-05,0.201,0.422,-3.001,0.0446,98,1,4
0,251280,0.61,0.808,0.275,0.913,0.403,0.552,-10.644,0.028,94.088,6,4
42,314200,0.149,8.51E-05,0.79,0.000248,0.0903,0.39,-7.93,0.052,170.289,4,4
38,186542,0.564,0.974,0.0515,0.765,0.114,0.214,-15.118,0.0338,93.961,11,4
29,150031,0.496,0.994,0.0281,0.951,0.0813,0.157,-24.864,0.0372,72.124,2,3
22,189653,0.491,0.168,0.599,0,0.166,0.189,-6.741,0.0274,80.048,5,4
55,206452,0.699,0.0589,0.861,2.64E-06,0.0794,0.315,-3.09,0.173,125.942,4,3
7,283230,0.379,0.00565,0.499,0.125,0.077,0.335,-13.923,0.0411,155.993,4,4
17,224727,0.588,0.812,0.352,0.0564,0.126,0.655,-9.624,0.0403,146.718,10,4
52,245783,0.34,0.00814,0.923,0.000829,0.385,0.13,-3.864,0.131,127.789,0,4
1,244826,0.648,0.0182,0.751,0.000401,0.0418,0.863,-8.582,0.0806,100.437,8,4
84,183103,0.39,0.8,0.448,0.182,0.107,0.077,-8.57,0.0276,144.89,5,5
55,164986,0.457,0.0001,0.964,0.00811,0.67,0.372,-2.963,0.0656,111.972,10,4
54,212238,0.506,0.0234,0.823,0.000916,0.303,0.405,-5.272,0.0424,133.954,6,4
84,225280,0.573,0.018,0.902,0.00125,0.0928,0.876,-7.638,0.054,84.412,6,4
53,194666,0.44,0.625,0.32,0.886,0.0823,0.0694,-12.011,0.0323,180.036,4,4
61,235093,0.72,0.0289,0.967,0.000345,0.142,0.977,-4.434,0.0343,129.766,9,4
55,183000,0.55,0.714,0.471,0.952,0.0815,0.261,-16.049,0.0295,159.983,5,4
0,328026,0.612,0.0204,0.463,0.653,0.183,0.17,-7.653,0.035,76.98,11,4
60,230573,0.879,0.037,0.693,0.119,0.18,0.966,-10.577,0.046,133.231,11,4
61,348386,0.212,0.000725,0.926,4.83E-06,0.081,0.262,-3.378,0.14,162.103,7,4
68,241666,0.625,0.346,0.85,0.000233,0.174,0.633,-3.904,0.0495,94.661,4,4
42,151764,0.233,0.993,0.0997,0.937,0.105,0.123,-25.616,0.0456,84.309,1,4
36,252499,0.425,0.0262,0.555,0.284,0.206,0.247,-11.806,0.0287,108.991,0,4
61,221093,0.486,0.00237,0.977,0,0.298,0.413,-3.463,0.0603,103.501,7,4
34,258588,0.626,0.678,0.286,0,0.134,0.366,-9.933,0.0374,84.954,9,4
0,266720,0.319,0.242,0.712,0.000414,0.294,0.773,-9.742,0.0535,78.114,8,4
32,306893,0.661,0.675,0.425,0.13,0.104,0.19,-10.317,0.0312,114.042,9,4
59,102373,0.303,0.909,0.00338,0.89,0.116,0.347,-30.932,0.0493,50.96,4,4
0,281567,0.775,0.343,0.218,0.00596,0.0866,0.361,-11,0.0461,133.036,9,4
54,269296,0.627,0.879,0.427,0.878,0.0977,0.132,-11.498,0.0283,112.043,11,4
55,193000,0.414,0.827,0.127,0.822,0.0919,0.0354,-22.097,0.0383,130.021,0,4
55,178148,0.235,0.983,0.0363,0.92,0.0823,0.0481,-18.9,0.0335,160.704,0,5
50,205695,0.41,0.988,0.0845,0.93,0.109,0.0795,-21.814,0.0327,92.033,4,4
0,321146,0.316,0.0143,0.769,0,0.0928,0.118,-5.285,0.0422,122.458,0,4
40,249576,0.709,0.59,0.299,0.00292,0.111,0.423,-9.001,0.0297,112.984,0,3
56,212426,0.692,0.0097,0.515,0.292,0.103,0.549,-8.488,0.0678,128.469,4,4
37,199493,0.343,0.000135,0.956,0.00165,0.143,0.553,-5.073,0.0739,173.325,8,4
0,221000,0.478,2.27E-05,0.901,0.0801,0.326,0.577,-4.983,0.0334,94.964,9,3
26,299000,0.436,0.0402,0.753,0.0204,0.148,0.399,-9.76,0.0359,89.968,4,4
77,264503,0.596,0.365,0.448,5.30E-06,0.206,0.796,-9.616,0.0396,83.293,5,4
59,209493,0.655,0.0587,0.726,0.00311,0.145,0.292,-4.614,0.0324,128.001,9,4
53,292480,0.64,0.00278,0.695,0.611,0.337,0.343,-9.919,0.0326,117.999,5,4
26,331179,0.376,0.000708,0.546,0.777,0.359,0.305,-12.678,0.0362,115.995,7,4
17,208211,0.443,0.969,0.369,0.277,0.638,0.0989,-9.514,0.0441,174.107,9,3
31,177322,0.506,0.992,0.0434,0.866,0.123,0.0823,-19.948,0.0442,110.723,9,5
61,164866,0.524,0.0252,0.881,0,0.101,0.62,-4.479,0.0468,101.677,5,4
37,198250,0.334,0.944,0.00961,0.901,0.105,0.0916,-27.24,0.0416,68.153,5,3
36,219018,0.549,0.292,0.524,0.0366,0.122,0.229,-8.288,0.0261,94.991,0,4
26,242466,0.216,0.792,0.195,0.93,0.102,0.14,-14.026,0.0382,61.555,8,3
59,159500,0.682,0.00953,0.91,0.0673,0.0732,0.536,-2.314,0.0431,122.943,11,4
68,186493,0.533,0.00529,0.844,8.91E-05,0.0722,0.712,-5.04,0.0302,123.971,11,4
28,252392,0.537,0.115,0.655,0.294,0.243,0.283,-8.194,0.0374,119.965,7,4
0,223085,0.67,0.786,0.293,0,0.215,0.36,-10.56,0.0486,66.974,5,4
0,321146,0.258,0.87,0.0589,0.898,0.148,0.0378,-23.782,0.0381,98.874,5,4
26,147248,0.516,0.585,0.487,0.0507,0.168,0.209,-10.55,0.0331,96.204,5,3
50,259475,0.702,0.000771,0.842,0.828,0.28,0.175,-5.059,0.0331,124.01,7,4
32,174240,0.695,0.988,0.0761,0.929,0.133,0.262,-17.043,0.0399,125.017,9,4
39,160788,0.502,0.965,0.289,0.913,0.153,0.156,-17.378,0.0307,137.926,8,4
37,120536,0.467,0.986,0.137,0.928,0.101,0.0687,-23.087,0.043,118.715,0,4
72,371320,0.264,0.885,0.122,0.349,0.094,0.0735,-15.399,0.0349,148.658,9,4
42,276746,0.327,0.948,0.101,0,0.0945,0.0866,-13.949,0.0525,171.734,8,4
0,170021,0.703,0.356,0.352,0.00378,0.0715,0.85,-14.859,0.0428,108.003,4,4
39,208520,0.325,0.964,0.0809,0.839,0.118,0.0604,-24.493,0.0527,178.307,5,4
49,200240,0.555,3.01E-05,0.98,4.38E-05,0.0661,0.37,-6.063,0.154,143.005,8,4
0,475093,0.443,0.393,0.466,0.647,0.165,0.19,-9.209,0.0302,127.493,9,4
52,167613,0.42,0.886,0.272,0.834,0.0841,0.38,-14.843,0.0423,180.031,4,3
31,174890,0.282,0.957,0.0717,0.919,0.0996,0.206,-25.816,0.053,163.128,5,4
68,222467,0.561,0.95,0.0587,0,0.0828,0.342,-17.819,0.0762,143.027,5,1
0,495880,0.351,0.995,0.0077,0.919,0.0803,0.0728,-23.17,0.0543,75.742,9,4
0,279226,0.319,0.118,0.881,0,0.364,0.625,-7.244,0.14,206.941,2,4
47,191293,0.323,0.99,0.0214,0.902,0.0891,0.0703,-30.328,0.0384,104.033,4,4
74,155226,0.482,0.641,0.849,7.74E-06,0.0414,0.937,-9.198,0.0452,124.631,2,4
72,256733,0.543,0.00162,0.912,2.10E-06,0.0565,0.836,-10.71,0.0601,103.731,7,4
0,188413,0.623,0.638,0.613,0.572,0.143,0.745,-9.241,0.0309,147.168,10,4
41,161733,0.414,7.12E-06,0.988,0.44,0.0709,0.489,-3.703,0.0786,184.995,8,4
51,163875,0.494,0.983,0.263,0.92,0.0746,0.105,-16.818,0.0325,159.875,0,4
53,239894,0.627,0.0607,0.857,0.835,0.132,0.124,-8.253,0.0402,121.976,7,4
61,237026,0.487,0.647,0.279,0.00185,0.11,0.162,-11.586,0.0265,139.362,6,4
33,217391,0.643,0.0565,0.957,0.841,0.0763,0.281,-5.026,0.0892,138.073,1,4
25,250987,0.623,0.994,0.134,0.935,0.192,0.171,-18.953,0.0478,62.562,5,4
0,267454,0.186,0.974,0.3,0.924,0.0672,0.0877,-12.141,0.0368,96.563,9,3
0,182533,0.549,0.000785,0.876,0,0.288,0.741,-3.589,0.0404,146.549,6,3
75,304840,0.602,0.000202,0.905,0.064,0.117,0.411,-4.046,0.0775,128.019,2,4
38,265641,0.201,0.989,0.0394,0.839,0.0881,0.0754,-21.798,0.0334,73.742,10,4
20,301960,0.545,0.0888,0.788,0.0258,0.0765,0.647,-3.968,0.0281,129.922,11,4
59,143000,0.32,0.881,0.253,0.935,0.121,0.125,-17.843,0.0356,140.029,10,4
31,145807,0.366,0.996,0.0518,0.909,0.179,0.39,-26.901,0.0402,182.774,3,3
42,181237,0.52,0.00209,0.975,0.213,0.148,0.254,-3.66,0.0839,128.017,2,4
42,194500,0.357,0.159,0.851,0.866,0.146,0.241,-6.103,0.0534,130.013,2,4
68,281960,0.236,0.811,0.249,1.00E-06,0.087,0.181,-9.595,0.0348,72.847,6,5
71,252773,0.68,0.103,0.678,0.00828,0.204,0.251,-11.548,0.0754,131.165,1,4
0,228333,0.651,0.13,0.946,0,0.148,0.508,-4.717,0.101,91.911,6,4
56,242373,0.485,0.0941,0.619,3.31E-06,0.109,0.416,-7.115,0.0289,138.017,5,4
54,191960,0.589,0.000116,0.983,0.00211,0.0628,0.469,-2.521,0.121,110.007,10,4
52,217142,0.465,0.00987,0.739,1.88E-06,0.373,0.0652,-7.786,0.0648,125.994,10,4
0,184320,0.236,0.975,0.33,0.126,0.116,0.0827,-10.085,0.0325,86.546,8,4
56,247504,0.507,0.00731,0.887,0,0.562,0.336,-4.084,0.141,128.015,5,4
74,201173,0.577,0.159,0.756,0.000232,0.249,0.663,-5.82,0.115,176.75,2,4
52,257625,0.162,0.946,0.0564,0.889,0.101,0.0361,-20.696,0.0341,60.01,5,4
0,176652,0.641,0.079,0.806,0.00158,0.0708,0.721,-6.281,0.0323,125.987,8,4
63,224906,0.485,2.08E-05,0.987,0,0.267,0.272,-3.1,0.0738,123.576,4,4
35,142861,0.495,0.99,0.0191,0.902,0.113,0.243,-26.317,0.0362,112.814,5,4
50,182079,0.465,0.633,0.12,0.937,0.085,0.0659,-19.328,0.0386,72.021,7,4
49,228000,0.234,0.848,0.226,0.942,0.111,0.0388,-15.991,0.0368,139.921,0,5
35,231506,0.656,0.809,0.102,0.788,0.0874,0.595,-20.337,0.0373,118.373,4,3
31,149635,0.481,0.842,0.229,0.00205,0.105,0.0525,-13.5,0.0342,92.014,6,4
62,262773,0.615,0.0104,0.97,0.384,0.178,0.507,1.342,0.119,122.993,9,4
39,221662,0.387,0.654,0.577,0.127,0.163,0.447,-8.259,0.0353,149.048,1,4
64,374973,0.442,0.00648,0.951,1.12E-06,0.0887,0.158,-5.27,0.11,154.004,11,4
0,285320,0.601,0.743,0.537,0.732,0.143,0.394,-9.464,0.0296,144.994,6,3
68,175400,0.542,0.319,0.915,5.34E-05,0.171,0.92,-9.637,0.0549,159.81,9,4
30,152157,0.322,0.994,0.149,0.92,0.122,0.0655,-17.948,0.0515,114.695,2,4
59,322160,0.256,0.367,0.456,0.881,0.119,0.0682,-10.865,0.0306,70.357,4,4
49,216875,0.542,0.935,0.0957,6.40E-06,0.182,0.259,-14.518,0.0404,134.739,8,4
35,217339,0.461,0.989,0.0167,0.848,0.11,0.259,-22.104,0.0509,73.77,9,3
57,262000,0.501,0.922,0.378,0.825,0.115,0.193,-14.959,0.0269,108.034,6,4
52,177224,0.56,0.984,0.0853,0.918,0.108,0.113,-15.918,0.0324,96.646,5,4
14,336481,0.651,0.333,0.848,0.763,0.101,0.154,-8.941,0.0458,119.977,10,4
35,231841,0.423,0.988,0.0442,0.947,0.108,0.182,-21.088,0.0378,73.407,11,4
0,304893,0.511,5.36E-06,0.972,0.00101,0.19,0.532,-3.751,0.0413,132.97,10,4
18,208353,0.336,0.00797,0.88,0,0.445,0.485,-5.675,0.0739,155.004,6,4
44,210000,0.656,0.00428,0.896,0.000137,0.192,0.506,-4.461,0.0936,128.026,9,4
30,126801,0.574,0.989,0.0835,0.935,0.117,0.265,-22.763,0.0413,106.027,10,4
28,219000,0.498,0.983,0.18,0.928,0.0924,0.038,-19.819,0.0426,77.407,4,3
58,230066,0.776,0.19,0.714,0,0.506,0.962,-9.044,0.0388,92.448,10,4
52,218501,0.213,0.742,0.233,0.881,0.149,0.0378,-14.347,0.0289,94.94,4,3
35,218200,0.526,0.00138,0.867,0.00064,0.0975,0.12,-4.332,0.0659,132.106,5,4
48,179610,0.425,0.967,0.168,0.818,0.16,0.0376,-14.064,0.0322,90.076,0,4
29,171283,0.79,0.993,0.179,0.965,0.102,0.562,-25.43,0.0853,80.993,11,4
70,140571,0.732,0.747,0.304,6.13E-05,0.143,0.185,-13.086,0.111,139.965,0,4
0,334743,0.481,0.735,0.262,0.0114,0.832,0.375,-15.73,0.0414,122.883,7,4
28,193074,0.445,0.332,0.536,0.0645,0.0576,0.486,-7.65,0.0261,172.15,7,4
19,209906,0.523,0.000357,0.95,0,0.0944,0.479,-4.415,0.0467,99.231,6,4
32,120029,0.38,0.996,0.0355,0.91,0.115,0.22,-27.118,0.0465,179.205,0,4
53,203076,0.591,0.0484,0.759,1.23E-06,0.108,0.235,-3.785,0.0404,130.043,5,4
15,258906,0.412,0.00214,0.844,0,0.134,0.459,-5.613,0.037,174.452,2,4
53,160105,0.516,0.84,0.177,0.817,0.135,0.132,-20.473,0.0312,94.994,3,3
18,399012,0.124,0.228,0.347,0.00325,0.147,0.16,-11.392,0.0335,76.868,1,4
55,192413,0.631,0.0149,0.862,6.23E-05,0.103,0.438,-4.114,0.0515,145.01,8,4
49,199080,0.482,0.936,0.363,0.000109,0.104,0.261,-10.926,0.0309,135.779,10,4
1,136360,0.663,0.0655,0.671,0,0.107,0.955,-6.103,0.0395,74.453,9,4
0,216038,0.445,0.319,0.591,0.766,0.107,0.0774,-9.004,0.0316,137.864,7,4
35,86125,0.392,0.99,0.039,0.949,0.1,0.389,-27.643,0.0312,99.731,9,4
52,188571,0.686,0.0534,0.775,9.39E-06,0.44,0.454,-7.247,0.185,126.013,11,4
1,300773,0.621,0.17,0.901,0,0.0875,0.744,-5.396,0.0302,113.967,2,4
36,263080,0.291,0.781,0.419,0.00433,0.113,0.0613,-10.33,0.0305,114.935,6,4
0,178333,0.547,0.00485,0.877,0,0.247,0.611,-5.135,0.0658,126.083,9,4
57,170800,0.518,0.158,0.761,0.00765,0.0715,0.576,-7.025,0.0452,118.738,0,4
49,239500,0.634,0.819,0.193,0,0.113,0.159,-9.503,0.0277,95.004,7,4
0,251626,0.588,0.61,0.477,0.00188,0.122,0.488,-12.71,0.0492,150.396,9,4
59,205127,0.561,0.795,0.314,0.876,0.115,0.0883,-16.989,0.0281,95.931,4,4
58,184500,0.725,0.668,0.258,2.63E-05,0.0955,0.173,-14.065,0.255,127.876,11,3
34,262280,0.235,0.926,0.233,0.89,0.069,0.164,-21.173,0.0712,66.866,11,3
78,181613,0.795,0.607,0.178,0,0.623,0.608,-11.991,0.0574,93.982,0,4
40,226000,0.763,0.548,0.372,0.000638,0.116,0.76,-7.07,0.0683,85.01,5,4
68,184505,0.535,0.771,0.359,0,0.111,0.488,-9.343,0.0607,154.163,2,4
88,200185,0.351,0.934,0.296,0,0.095,0.12,-10.109,0.0333,115.284,4,4
48,144434,0.609,0.985,0.157,0.792,0.112,0.0698,-15.792,0.0322,111.966,0,4
75,161536,0.778,0.463,0.462,0.583,0.11,0.817,-12.729,0.0359,105.45,0,4
60,245945,0.51,0.892,0.355,0,0.133,0.453,-6.883,0.0287,141.796,11,4
35,254440,0.259,0.956,0.259,0.942,0.0923,0.0403,-18.89,0.0594,123.693,3,4
36,159840,0.604,0.986,0.03,0.952,0.105,0.15,-27.007,0.0386,117.781,0,4
87,196077,0.367,0.978,0.111,3.97E-05,0.0897,0.198,-14.084,0.0972,82.642,4,4
36,123066,0.402,0.961,0.236,0.919,0.0921,0.146,-20.615,0.0603,129.736,0,3
5,435080,0.452,0.757,0.515,0.12,0.14,0.191,-7.351,0.0255,80.537,11,4
87,169265,0.642,0.786,0.374,0,0.0906,0.0799,-9.386,0.0545,124.099,4,4
76,219146,0.561,0.913,0.0848,2.62E-05,0.112,0.206,-15.099,0.0404,102.128,2,4
41,186331,0.377,0.994,0.0156,0.881,0.0991,0.0804,-28.435,0.0397,140.179,0,4